file,annotid
/Volumes/pn-opus/Seedlings/Subject_Files/01/01_08/Home_Visit/Coding/Audio_Annotation/01_08_sparse_code.cha,0x609937
/Volumes/pn-opus/Seedlings/Subject_Files/01/01_15/Home_Visit/Coding/Audio_Annotation/01_15_sparse_code.cha,0x28d3b3
/Volumes/pn-opus/Seedlings/Subject_Files/02/02_06/Home_Visit/Coding/Audio_Annotation/02_06_sparse_code.cha,0xa84786
/Volumes/pn-opus/Seedlings/Subject_Files/02/02_06/Home_Visit/Coding/Audio_Annotation/02_06_sparse_code.cha,0x5cdfc3
/Volumes/pn-opus/Seedlings/Subject_Files/02/02_06/Home_Visit/Coding/Audio_Annotation/02_06_sparse_code.cha,0xcca79c
/Volumes/pn-opus/Seedlings/Subject_Files/02/02_07/Home_Visit/Coding/Audio_Annotation/02_07_sparse_code.cha,0xa701b8
/Volumes/pn-opus/Seedlings/Subject_Files/02/02_07/Home_Visit/Coding/Audio_Annotation/02_07_sparse_code.cha,0xd8cd9b
/Volumes/pn-opus/Seedlings/Subject_Files/02/02_13/Home_Visit/Coding/Audio_Annotation/02_13_sparse_code.cha,0x89d77d
/Volumes/pn-opus/Seedlings/Subject_Files/02/02_15/Home_Visit/Coding/Audio_Annotation/02_15_sparse_code.cha,0x3bbebb
/Volumes/pn-opus/Seedlings/Subject_Files/04/04_07/Home_Visit/Coding/Audio_Annotation/04_07_sparse_code.cha,0xc3ef02
/Volumes/pn-opus/Seedlings/Subject_Files/04/04_07/Home_Visit/Coding/Audio_Annotation/04_07_sparse_code.cha,0x89a8b9
/Volumes/pn-opus/Seedlings/Subject_Files/04/04_07/Home_Visit/Coding/Audio_Annotation/04_07_sparse_code.cha,0xdc56ef
/Volumes/pn-opus/Seedlings/Subject_Files/04/04_11/Home_Visit/Coding/Audio_Annotation/04_11_sparse_code.cha,0xb8e78c
/Volumes/pn-opus/Seedlings/Subject_Files/06/06_07/Home_Visit/Coding/Audio_Annotation/06_07_sparse_code.cha,0xf80294
/Volumes/pn-opus/Seedlings/Subject_Files/06/06_09/Home_Visit/Coding/Audio_Annotation/06_09_sparse_code.cha,0x6d81d7
/Volumes/pn-opus/Seedlings/Subject_Files/06/06_12/Home_Visit/Coding/Audio_Annotation/06_12_sparse_code.cha,0x77fa68
/Volumes/pn-opus/Seedlings/Subject_Files/06/06_16/Home_Visit/Coding/Audio_Annotation/06_16_sparse_code.cha,0xf0e9e9
/Volumes/pn-opus/Seedlings/Subject_Files/06/06_17/Home_Visit/Coding/Audio_Annotation/06_17_sparse_code.cha,0x86a0d3
/Volumes/pn-opus/Seedlings/Subject_Files/07/07_09/Home_Visit/Coding/Audio_Annotation/07_09_sparse_code.cha,0xcdf8eb
/Volumes/pn-opus/Seedlings/Subject_Files/07/07_13/Home_Visit/Coding/Audio_Annotation/07_13_sparse_code.cha,0xc2e878
/Volumes/pn-opus/Seedlings/Subject_Files/08/08_07/Home_Visit/Coding/Audio_Annotation/08_07_sparse_code.cha,0x56207c
/Volumes/pn-opus/Seedlings/Subject_Files/08/08_10/Home_Visit/Coding/Audio_Annotation/08_10_sparse_code.cha,0xcee239
/Volumes/pn-opus/Seedlings/Subject_Files/08/08_11/Home_Visit/Coding/Audio_Annotation/08_11_sparse_code.cha,0x67f385
/Volumes/pn-opus/Seedlings/Subject_Files/08/08_11/Home_Visit/Coding/Audio_Annotation/08_11_sparse_code.cha,0xcb4b8b
/Volumes/pn-opus/Seedlings/Subject_Files/08/08_14/Home_Visit/Coding/Audio_Annotation/08_14_sparse_code.cha,0x3a7091
/Volumes/pn-opus/Seedlings/Subject_Files/08/08_15/Home_Visit/Coding/Audio_Annotation/08_15_sparse_code.cha,0x0117e9
/Volumes/pn-opus/Seedlings/Subject_Files/08/08_16/Home_Visit/Coding/Audio_Annotation/08_16_sparse_code.cha,0xa8ae2b
/Volumes/pn-opus/Seedlings/Subject_Files/08/08_17/Home_Visit/Coding/Audio_Annotation/08_17_sparse_code.cha,0x63fbb7
/Volumes/pn-opus/Seedlings/Subject_Files/08/08_17/Home_Visit/Coding/Audio_Annotation/08_17_sparse_code.cha,0x04a004
/Volumes/pn-opus/Seedlings/Subject_Files/09/09_06/Home_Visit/Coding/Audio_Annotation/09_06_sparse_code.cha,0x68227b
/Volumes/pn-opus/Seedlings/Subject_Files/09/09_08/Home_Visit/Coding/Audio_Annotation/09_08_sparse_code.cha,0xca3d79
/Volumes/pn-opus/Seedlings/Subject_Files/09/09_12/Home_Visit/Coding/Audio_Annotation/09_12_sparse_code.cha,0x4c96ab
/Volumes/pn-opus/Seedlings/Subject_Files/10/10_07/Home_Visit/Coding/Audio_Annotation/10_07_sparse_code.cha,0x8667de
/Volumes/pn-opus/Seedlings/Subject_Files/10/10_07/Home_Visit/Coding/Audio_Annotation/10_07_sparse_code.cha,0x297099
/Volumes/pn-opus/Seedlings/Subject_Files/10/10_08/Home_Visit/Coding/Audio_Annotation/10_08_sparse_code.cha,0xa4e226
/Volumes/pn-opus/Seedlings/Subject_Files/10/10_12/Home_Visit/Coding/Audio_Annotation/10_12_sparse_code.cha,0x0c96ee
/Volumes/pn-opus/Seedlings/Subject_Files/10/10_12/Home_Visit/Coding/Audio_Annotation/10_12_sparse_code.cha,0xdf406f
/Volumes/pn-opus/Seedlings/Subject_Files/10/10_16/Home_Visit/Coding/Audio_Annotation/10_16_sparse_code.cha,0xeca315
/Volumes/pn-opus/Seedlings/Subject_Files/11/11_07/Home_Visit/Coding/Audio_Annotation/11_07_sparse_code.cha,0x076222
/Volumes/pn-opus/Seedlings/Subject_Files/11/11_09/Home_Visit/Coding/Audio_Annotation/11_09_sparse_code.cha,0xa89bcb
/Volumes/pn-opus/Seedlings/Subject_Files/11/11_10/Home_Visit/Coding/Audio_Annotation/11_10_sparse_code.cha,0x28c1f8
/Volumes/pn-opus/Seedlings/Subject_Files/11/11_12/Home_Visit/Coding/Audio_Annotation/11_12_sparse_code.cha,0x844116
/Volumes/pn-opus/Seedlings/Subject_Files/11/11_12/Home_Visit/Coding/Audio_Annotation/11_12_sparse_code.cha,0xb3522e
/Volumes/pn-opus/Seedlings/Subject_Files/12/12_06/Home_Visit/Coding/Audio_Annotation/12_06_sparse_code.cha,0x025be5
/Volumes/pn-opus/Seedlings/Subject_Files/12/12_07/Home_Visit/Coding/Audio_Annotation/12_07_sparse_code.cha,0x1a4dec
/Volumes/pn-opus/Seedlings/Subject_Files/12/12_09/Home_Visit/Coding/Audio_Annotation/12_09_sparse_code.cha,0xc7a28d
/Volumes/pn-opus/Seedlings/Subject_Files/12/12_11/Home_Visit/Coding/Audio_Annotation/12_11_sparse_code.cha,0x6f718c
/Volumes/pn-opus/Seedlings/Subject_Files/12/12_13/Home_Visit/Coding/Audio_Annotation/12_13_sparse_code.cha,0x8732e7
/Volumes/pn-opus/Seedlings/Subject_Files/12/12_17/Home_Visit/Coding/Audio_Annotation/12_17_sparse_code.cha,0x795ee6
/Volumes/pn-opus/Seedlings/Subject_Files/13/13_09/Home_Visit/Coding/Audio_Annotation/13_09_sparse_code.cha,0x2be2d5
/Volumes/pn-opus/Seedlings/Subject_Files/13/13_11/Home_Visit/Coding/Audio_Annotation/13_11_sparse_code.cha,0x933be5
/Volumes/pn-opus/Seedlings/Subject_Files/13/13_11/Home_Visit/Coding/Audio_Annotation/13_11_sparse_code.cha,0x591734
/Volumes/pn-opus/Seedlings/Subject_Files/14/14_14/Home_Visit/Coding/Audio_Annotation/14_14_sparse_code.cha,0x583eb4
/Volumes/pn-opus/Seedlings/Subject_Files/14/14_15/Home_Visit/Coding/Audio_Annotation/14_15_sparse_code.cha,0xd27558
/Volumes/pn-opus/Seedlings/Subject_Files/15/15_07/Home_Visit/Coding/Audio_Annotation/15_07_sparse_code.cha,0x689e79
/Volumes/pn-opus/Seedlings/Subject_Files/15/15_10/Home_Visit/Coding/Audio_Annotation/15_10_sparse_code.cha,0xf6e434
/Volumes/pn-opus/Seedlings/Subject_Files/15/15_12/Home_Visit/Coding/Audio_Annotation/15_12_sparse_code.cha,0x1bf8e9
/Volumes/pn-opus/Seedlings/Subject_Files/15/15_12/Home_Visit/Coding/Audio_Annotation/15_12_sparse_code.cha,0x60b50d
/Volumes/pn-opus/Seedlings/Subject_Files/15/15_12/Home_Visit/Coding/Audio_Annotation/15_12_sparse_code.cha,0x91d333
/Volumes/pn-opus/Seedlings/Subject_Files/15/15_12/Home_Visit/Coding/Audio_Annotation/15_12_sparse_code.cha,0x0bd6d3
/Volumes/pn-opus/Seedlings/Subject_Files/15/15_13/Home_Visit/Coding/Audio_Annotation/15_13_sparse_code.cha,0xfa9838
/Volumes/pn-opus/Seedlings/Subject_Files/16/16_15/Home_Visit/Coding/Audio_Annotation/16_15_sparse_code.cha,0x820b85
/Volumes/pn-opus/Seedlings/Subject_Files/16/16_16/Home_Visit/Coding/Audio_Annotation/16_16_sparse_code.cha,0x54e86d
/Volumes/pn-opus/Seedlings/Subject_Files/16/16_16/Home_Visit/Coding/Audio_Annotation/16_16_sparse_code.cha,0x18e58c
/Volumes/pn-opus/Seedlings/Subject_Files/17/17_09/Home_Visit/Coding/Audio_Annotation/17_09_sparse_code.cha,0x074dca
/Volumes/pn-opus/Seedlings/Subject_Files/17/17_11/Home_Visit/Coding/Audio_Annotation/17_11_sparse_code.cha,0xb3e570
/Volumes/pn-opus/Seedlings/Subject_Files/17/17_12/Home_Visit/Coding/Audio_Annotation/17_12_sparse_code.cha,0xaa0ae0
/Volumes/pn-opus/Seedlings/Subject_Files/17/17_15/Home_Visit/Coding/Audio_Annotation/17_15_sparse_code.cha,0x390654
/Volumes/pn-opus/Seedlings/Subject_Files/18/18_06/Home_Visit/Coding/Audio_Annotation/18_06_sparse_code.cha,0x3b5037
/Volumes/pn-opus/Seedlings/Subject_Files/18/18_09/Home_Visit/Coding/Audio_Annotation/18_09_sparse_code.cha,0xdbabea
/Volumes/pn-opus/Seedlings/Subject_Files/18/18_11/Home_Visit/Coding/Audio_Annotation/18_11_sparse_code.cha,0x52a6ca
/Volumes/pn-opus/Seedlings/Subject_Files/18/18_13/Home_Visit/Coding/Audio_Annotation/18_13_sparse_code.cha,0xd2ca7a
/Volumes/pn-opus/Seedlings/Subject_Files/19/19_06/Home_Visit/Coding/Audio_Annotation/19_06_sparse_code.cha,0x79d691
/Volumes/pn-opus/Seedlings/Subject_Files/19/19_07/Home_Visit/Coding/Audio_Annotation/19_07_sparse_code.cha,0x5d9a2f
/Volumes/pn-opus/Seedlings/Subject_Files/19/19_07/Home_Visit/Coding/Audio_Annotation/19_07_sparse_code.cha,0x3fa1c6
/Volumes/pn-opus/Seedlings/Subject_Files/19/19_09/Home_Visit/Coding/Audio_Annotation/19_09_sparse_code.cha,0x6d1252
/Volumes/pn-opus/Seedlings/Subject_Files/19/19_09/Home_Visit/Coding/Audio_Annotation/19_09_sparse_code.cha,0xbcd201
/Volumes/pn-opus/Seedlings/Subject_Files/19/19_10/Home_Visit/Coding/Audio_Annotation/19_10_sparse_code.cha,0x10356c
/Volumes/pn-opus/Seedlings/Subject_Files/19/19_12/Home_Visit/Coding/Audio_Annotation/19_12_sparse_code.cha,NA
/Volumes/pn-opus/Seedlings/Subject_Files/19/19_12/Home_Visit/Coding/Audio_Annotation/19_12_sparse_code.cha,NA
/Volumes/pn-opus/Seedlings/Subject_Files/19/19_12/Home_Visit/Coding/Audio_Annotation/19_12_sparse_code.cha,NA
/Volumes/pn-opus/Seedlings/Subject_Files/19/19_12/Home_Visit/Coding/Audio_Annotation/19_12_sparse_code.cha,NA
/Volumes/pn-opus/Seedlings/Subject_Files/19/19_12/Home_Visit/Coding/Audio_Annotation/19_12_sparse_code.cha,NA
/Volumes/pn-opus/Seedlings/Subject_Files/19/19_12/Home_Visit/Coding/Audio_Annotation/19_12_sparse_code.cha,NA
/Volumes/pn-opus/Seedlings/Subject_Files/19/19_12/Home_Visit/Coding/Audio_Annotation/19_12_sparse_code.cha,NA
/Volumes/pn-opus/Seedlings/Subject_Files/19/19_12/Home_Visit/Coding/Audio_Annotation/19_12_sparse_code.cha,NA
/Volumes/pn-opus/Seedlings/Subject_Files/19/19_12/Home_Visit/Coding/Audio_Annotation/19_12_sparse_code.cha,NA
/Volumes/pn-opus/Seedlings/Subject_Files/19/19_12/Home_Visit/Coding/Audio_Annotation/19_12_sparse_code.cha,NA
/Volumes/pn-opus/Seedlings/Subject_Files/19/19_12/Home_Visit/Coding/Audio_Annotation/19_12_sparse_code.cha,NA
/Volumes/pn-opus/Seedlings/Subject_Files/19/19_12/Home_Visit/Coding/Audio_Annotation/19_12_sparse_code.cha,NA
/Volumes/pn-opus/Seedlings/Subject_Files/19/19_12/Home_Visit/Coding/Audio_Annotation/19_12_sparse_code.cha,NA
/Volumes/pn-opus/Seedlings/Subject_Files/19/19_12/Home_Visit/Coding/Audio_Annotation/19_12_sparse_code.cha,NA
/Volumes/pn-opus/Seedlings/Subject_Files/19/19_12/Home_Visit/Coding/Audio_Annotation/19_12_sparse_code.cha,NA
/Volumes/pn-opus/Seedlings/Subject_Files/19/19_12/Home_Visit/Coding/Audio_Annotation/19_12_sparse_code.cha,NA
/Volumes/pn-opus/Seedlings/Subject_Files/19/19_12/Home_Visit/Coding/Audio_Annotation/19_12_sparse_code.cha,NA
/Volumes/pn-opus/Seedlings/Subject_Files/19/19_12/Home_Visit/Coding/Audio_Annotation/19_12_sparse_code.cha,NA
/Volumes/pn-opus/Seedlings/Subject_Files/19/19_12/Home_Visit/Coding/Audio_Annotation/19_12_sparse_code.cha,NA
/Volumes/pn-opus/Seedlings/Subject_Files/19/19_12/Home_Visit/Coding/Audio_Annotation/19_12_sparse_code.cha,NA
/Volumes/pn-opus/Seedlings/Subject_Files/19/19_12/Home_Visit/Coding/Audio_Annotation/19_12_sparse_code.cha,NA
/Volumes/pn-opus/Seedlings/Subject_Files/19/19_12/Home_Visit/Coding/Audio_Annotation/19_12_sparse_code.cha,NA
/Volumes/pn-opus/Seedlings/Subject_Files/19/19_12/Home_Visit/Coding/Audio_Annotation/19_12_sparse_code.cha,NA
/Volumes/pn-opus/Seedlings/Subject_Files/19/19_12/Home_Visit/Coding/Audio_Annotation/19_12_sparse_code.cha,NA
/Volumes/pn-opus/Seedlings/Subject_Files/19/19_12/Home_Visit/Coding/Audio_Annotation/19_12_sparse_code.cha,NA
/Volumes/pn-opus/Seedlings/Subject_Files/19/19_12/Home_Visit/Coding/Audio_Annotation/19_12_sparse_code.cha,NA
/Volumes/pn-opus/Seedlings/Subject_Files/19/19_12/Home_Visit/Coding/Audio_Annotation/19_12_sparse_code.cha,NA
/Volumes/pn-opus/Seedlings/Subject_Files/19/19_12/Home_Visit/Coding/Audio_Annotation/19_12_sparse_code.cha,NA
/Volumes/pn-opus/Seedlings/Subject_Files/19/19_12/Home_Visit/Coding/Audio_Annotation/19_12_sparse_code.cha,NA
/Volumes/pn-opus/Seedlings/Subject_Files/19/19_12/Home_Visit/Coding/Audio_Annotation/19_12_sparse_code.cha,NA
/Volumes/pn-opus/Seedlings/Subject_Files/19/19_12/Home_Visit/Coding/Audio_Annotation/19_12_sparse_code.cha,NA
/Volumes/pn-opus/Seedlings/Subject_Files/19/19_12/Home_Visit/Coding/Audio_Annotation/19_12_sparse_code.cha,NA
/Volumes/pn-opus/Seedlings/Subject_Files/19/19_12/Home_Visit/Coding/Audio_Annotation/19_12_sparse_code.cha,NA
/Volumes/pn-opus/Seedlings/Subject_Files/19/19_12/Home_Visit/Coding/Audio_Annotation/19_12_sparse_code.cha,NA
/Volumes/pn-opus/Seedlings/Subject_Files/19/19_12/Home_Visit/Coding/Audio_Annotation/19_12_sparse_code.cha,NA
/Volumes/pn-opus/Seedlings/Subject_Files/19/19_12/Home_Visit/Coding/Audio_Annotation/19_12_sparse_code.cha,NA
/Volumes/pn-opus/Seedlings/Subject_Files/19/19_12/Home_Visit/Coding/Audio_Annotation/19_12_sparse_code.cha,NA
/Volumes/pn-opus/Seedlings/Subject_Files/19/19_12/Home_Visit/Coding/Audio_Annotation/19_12_sparse_code.cha,NA
/Volumes/pn-opus/Seedlings/Subject_Files/19/19_12/Home_Visit/Coding/Audio_Annotation/19_12_sparse_code.cha,NA
/Volumes/pn-opus/Seedlings/Subject_Files/19/19_12/Home_Visit/Coding/Audio_Annotation/19_12_sparse_code.cha,NA
/Volumes/pn-opus/Seedlings/Subject_Files/19/19_12/Home_Visit/Coding/Audio_Annotation/19_12_sparse_code.cha,NA
/Volumes/pn-opus/Seedlings/Subject_Files/19/19_12/Home_Visit/Coding/Audio_Annotation/19_12_sparse_code.cha,NA
/Volumes/pn-opus/Seedlings/Subject_Files/19/19_12/Home_Visit/Coding/Audio_Annotation/19_12_sparse_code.cha,NA
/Volumes/pn-opus/Seedlings/Subject_Files/19/19_12/Home_Visit/Coding/Audio_Annotation/19_12_sparse_code.cha,NA
/Volumes/pn-opus/Seedlings/Subject_Files/19/19_12/Home_Visit/Coding/Audio_Annotation/19_12_sparse_code.cha,NA
/Volumes/pn-opus/Seedlings/Subject_Files/19/19_12/Home_Visit/Coding/Audio_Annotation/19_12_sparse_code.cha,NA
/Volumes/pn-opus/Seedlings/Subject_Files/19/19_12/Home_Visit/Coding/Audio_Annotation/19_12_sparse_code.cha,NA
/Volumes/pn-opus/Seedlings/Subject_Files/19/19_12/Home_Visit/Coding/Audio_Annotation/19_12_sparse_code.cha,NA
/Volumes/pn-opus/Seedlings/Subject_Files/19/19_12/Home_Visit/Coding/Audio_Annotation/19_12_sparse_code.cha,NA
/Volumes/pn-opus/Seedlings/Subject_Files/19/19_12/Home_Visit/Coding/Audio_Annotation/19_12_sparse_code.cha,NA
/Volumes/pn-opus/Seedlings/Subject_Files/19/19_12/Home_Visit/Coding/Audio_Annotation/19_12_sparse_code.cha,NA
/Volumes/pn-opus/Seedlings/Subject_Files/19/19_14/Home_Visit/Coding/Audio_Annotation/19_14_sparse_code.cha,0xd319a4
/Volumes/pn-opus/Seedlings/Subject_Files/19/19_16/Home_Visit/Coding/Audio_Annotation/19_16_sparse_code.cha,0xce6476
/Volumes/pn-opus/Seedlings/Subject_Files/19/19_17/Home_Visit/Coding/Audio_Annotation/19_17_sparse_code.cha,0x8f8150
/Volumes/pn-opus/Seedlings/Subject_Files/20/20_07/Home_Visit/Coding/Audio_Annotation/20_07_sparse_code.cha,0x04afec
/Volumes/pn-opus/Seedlings/Subject_Files/20/20_10/Home_Visit/Coding/Audio_Annotation/20_10_sparse_code.cha,0xff32d7
/Volumes/pn-opus/Seedlings/Subject_Files/20/20_15/Home_Visit/Coding/Audio_Annotation/20_15_sparse_code.cha,0x8be7e1
/Volumes/pn-opus/Seedlings/Subject_Files/20/20_16/Home_Visit/Coding/Audio_Annotation/20_16_sparse_code.cha,0x82c7d5
/Volumes/pn-opus/Seedlings/Subject_Files/21/21_07/Home_Visit/Coding/Audio_Annotation/21_07_sparse_code.cha,0x1716b2
/Volumes/pn-opus/Seedlings/Subject_Files/21/21_07/Home_Visit/Coding/Audio_Annotation/21_07_sparse_code.cha,0xbc2688
/Volumes/pn-opus/Seedlings/Subject_Files/21/21_07/Home_Visit/Coding/Audio_Annotation/21_07_sparse_code.cha,0x1e387d
/Volumes/pn-opus/Seedlings/Subject_Files/21/21_07/Home_Visit/Coding/Audio_Annotation/21_07_sparse_code.cha,0xace744
/Volumes/pn-opus/Seedlings/Subject_Files/21/21_08/Home_Visit/Coding/Audio_Annotation/21_08_sparse_code.cha,0x7e3ad9
/Volumes/pn-opus/Seedlings/Subject_Files/21/21_12/Home_Visit/Coding/Audio_Annotation/21_12_sparse_code.cha,0x97abe6
/Volumes/pn-opus/Seedlings/Subject_Files/21/21_14/Home_Visit/Coding/Audio_Annotation/21_14_sparse_code.cha,0x83bf0f
/Volumes/pn-opus/Seedlings/Subject_Files/22/22_06/Home_Visit/Coding/Audio_Annotation/22_06_sparse_code.cha,0x0dd0b0
/Volumes/pn-opus/Seedlings/Subject_Files/22/22_11/Home_Visit/Coding/Audio_Annotation/22_11_sparse_code.cha,0x7cdd71
/Volumes/pn-opus/Seedlings/Subject_Files/22/22_11/Home_Visit/Coding/Audio_Annotation/22_11_sparse_code.cha,0x9d4a4a
/Volumes/pn-opus/Seedlings/Subject_Files/23/23_10/Home_Visit/Coding/Audio_Annotation/23_10_sparse_code.cha,0x0054f5
/Volumes/pn-opus/Seedlings/Subject_Files/23/23_12/Home_Visit/Coding/Audio_Annotation/23_12_sparse_code.cha,0x0f09bc
/Volumes/pn-opus/Seedlings/Subject_Files/23/23_12/Home_Visit/Coding/Audio_Annotation/23_12_sparse_code.cha,0xbebf3d
/Volumes/pn-opus/Seedlings/Subject_Files/23/23_12/Home_Visit/Coding/Audio_Annotation/23_12_sparse_code.cha,0xae4e98
/Volumes/pn-opus/Seedlings/Subject_Files/23/23_16/Home_Visit/Coding/Audio_Annotation/23_16_sparse_code.cha,0xfbf574
/Volumes/pn-opus/Seedlings/Subject_Files/26/26_09/Home_Visit/Coding/Audio_Annotation/26_09_sparse_code.cha,0x287654
/Volumes/pn-opus/Seedlings/Subject_Files/26/26_13/Home_Visit/Coding/Audio_Annotation/26_13_sparse_code.cha,0xdad518
/Volumes/pn-opus/Seedlings/Subject_Files/26/26_14/Home_Visit/Coding/Audio_Annotation/26_14_sparse_code.cha,0x660f01
/Volumes/pn-opus/Seedlings/Subject_Files/26/26_14/Home_Visit/Coding/Audio_Annotation/26_14_sparse_code.cha,0x40463f
/Volumes/pn-opus/Seedlings/Subject_Files/27/27_06/Home_Visit/Coding/Audio_Annotation/27_06_sparse_code.cha,0x39bfa8
/Volumes/pn-opus/Seedlings/Subject_Files/27/27_06/Home_Visit/Coding/Audio_Annotation/27_06_sparse_code.cha,0x18d031
/Volumes/pn-opus/Seedlings/Subject_Files/27/27_06/Home_Visit/Coding/Audio_Annotation/27_06_sparse_code.cha,0x4671a7
/Volumes/pn-opus/Seedlings/Subject_Files/27/27_06/Home_Visit/Coding/Audio_Annotation/27_06_sparse_code.cha,0x8d62a2
/Volumes/pn-opus/Seedlings/Subject_Files/27/27_07/Home_Visit/Coding/Audio_Annotation/27_07_sparse_code.cha,0x1c7f75
/Volumes/pn-opus/Seedlings/Subject_Files/27/27_07/Home_Visit/Coding/Audio_Annotation/27_07_sparse_code.cha,0x679970
/Volumes/pn-opus/Seedlings/Subject_Files/27/27_07/Home_Visit/Coding/Audio_Annotation/27_07_sparse_code.cha,0xf78a93
/Volumes/pn-opus/Seedlings/Subject_Files/27/27_07/Home_Visit/Coding/Audio_Annotation/27_07_sparse_code.cha,0x3d7a03
/Volumes/pn-opus/Seedlings/Subject_Files/27/27_08/Home_Visit/Coding/Audio_Annotation/27_08_sparse_code.cha,0xf61e36
/Volumes/pn-opus/Seedlings/Subject_Files/27/27_09/Home_Visit/Coding/Audio_Annotation/27_09_sparse_code.cha,0xd245a2
/Volumes/pn-opus/Seedlings/Subject_Files/27/27_10/Home_Visit/Coding/Audio_Annotation/27_10_sparse_code.cha,0x2cf684
/Volumes/pn-opus/Seedlings/Subject_Files/27/27_11/Home_Visit/Coding/Audio_Annotation/27_11_sparse_code.cha,0xd35b41
/Volumes/pn-opus/Seedlings/Subject_Files/27/27_12/Home_Visit/Coding/Audio_Annotation/27_12_sparse_code.cha,0xc84867
/Volumes/pn-opus/Seedlings/Subject_Files/27/27_15/Home_Visit/Coding/Audio_Annotation/27_15_sparse_code.cha,0x765ff1
/Volumes/pn-opus/Seedlings/Subject_Files/27/27_15/Home_Visit/Coding/Audio_Annotation/27_15_sparse_code.cha,0x26bf99
/Volumes/pn-opus/Seedlings/Subject_Files/27/27_16/Home_Visit/Coding/Audio_Annotation/27_16_sparse_code.cha,0xabbc5f
/Volumes/pn-opus/Seedlings/Subject_Files/28/28_10/Home_Visit/Coding/Audio_Annotation/28_10_sparse_code.cha,0xad3caf
/Volumes/pn-opus/Seedlings/Subject_Files/28/28_12/Home_Visit/Coding/Audio_Annotation/28_12_sparse_code.cha,0x49edef
/Volumes/pn-opus/Seedlings/Subject_Files/28/28_13/Home_Visit/Coding/Audio_Annotation/28_13_sparse_code.cha,0x061cd4
/Volumes/pn-opus/Seedlings/Subject_Files/28/28_16/Home_Visit/Coding/Audio_Annotation/28_16_sparse_code.cha,0x8e493a
/Volumes/pn-opus/Seedlings/Subject_Files/28/28_17/Home_Visit/Coding/Audio_Annotation/28_17_sparse_code.cha,0xfec17a
/Volumes/pn-opus/Seedlings/Subject_Files/28/28_17/Home_Visit/Coding/Audio_Annotation/28_17_sparse_code.cha,0x2fd724
/Volumes/pn-opus/Seedlings/Subject_Files/29/29_07/Home_Visit/Coding/Audio_Annotation/29_07_sparse_code.cha,0x24d58a
/Volumes/pn-opus/Seedlings/Subject_Files/29/29_07/Home_Visit/Coding/Audio_Annotation/29_07_sparse_code.cha,0xf8e3f7
/Volumes/pn-opus/Seedlings/Subject_Files/29/29_08/Home_Visit/Coding/Audio_Annotation/29_08_sparse_code.cha,0x9da6b7
/Volumes/pn-opus/Seedlings/Subject_Files/29/29_12/Home_Visit/Coding/Audio_Annotation/29_12_sparse_code.cha,0xbd9f70
/Volumes/pn-opus/Seedlings/Subject_Files/29/29_12/Home_Visit/Coding/Audio_Annotation/29_12_sparse_code.cha,0x77f4c9
/Volumes/pn-opus/Seedlings/Subject_Files/29/29_12/Home_Visit/Coding/Audio_Annotation/29_12_sparse_code.cha,0xa1504c
/Volumes/pn-opus/Seedlings/Subject_Files/29/29_12/Home_Visit/Coding/Audio_Annotation/29_12_sparse_code.cha,0x8a7254
/Volumes/pn-opus/Seedlings/Subject_Files/29/29_13/Home_Visit/Coding/Audio_Annotation/29_13_sparse_code.cha,0x85cbd1
/Volumes/pn-opus/Seedlings/Subject_Files/30/30_10/Home_Visit/Coding/Audio_Annotation/30_10_sparse_code.cha,0x9e7aad
/Volumes/pn-opus/Seedlings/Subject_Files/30/30_11/Home_Visit/Coding/Audio_Annotation/30_11_sparse_code.cha,0xe77984
/Volumes/pn-opus/Seedlings/Subject_Files/30/30_12/Home_Visit/Coding/Audio_Annotation/30_12_sparse_code.cha,0xe8bd2a
/Volumes/pn-opus/Seedlings/Subject_Files/30/30_16/Home_Visit/Coding/Audio_Annotation/30_16_sparse_code.cha,0x73bf85
/Volumes/pn-opus/Seedlings/Subject_Files/30/30_17/Home_Visit/Coding/Audio_Annotation/30_17_sparse_code.cha,0x8c32d7
/Volumes/pn-opus/Seedlings/Subject_Files/31/31_11/Home_Visit/Coding/Audio_Annotation/31_11_sparse_code.cha,0xca8f76
/Volumes/pn-opus/Seedlings/Subject_Files/31/31_12/Home_Visit/Coding/Audio_Annotation/31_12_sparse_code.cha,0x52f4ef
/Volumes/pn-opus/Seedlings/Subject_Files/31/31_12/Home_Visit/Coding/Audio_Annotation/31_12_sparse_code.cha,0x83f72f
/Volumes/pn-opus/Seedlings/Subject_Files/31/31_13/Home_Visit/Coding/Audio_Annotation/31_13_sparse_code.cha,0x0bc385
/Volumes/pn-opus/Seedlings/Subject_Files/31/31_14/Home_Visit/Coding/Audio_Annotation/31_14_sparse_code.cha,0x19d1d7
/Volumes/pn-opus/Seedlings/Subject_Files/32/32_06/Home_Visit/Coding/Audio_Annotation/32_06_sparse_code.cha,0xa0bf5c
/Volumes/pn-opus/Seedlings/Subject_Files/32/32_07/Home_Visit/Coding/Audio_Annotation/32_07_sparse_code.cha,0x62ade1
/Volumes/pn-opus/Seedlings/Subject_Files/32/32_07/Home_Visit/Coding/Audio_Annotation/32_07_sparse_code.cha,0x48a7f8
/Volumes/pn-opus/Seedlings/Subject_Files/32/32_12/Home_Visit/Coding/Audio_Annotation/32_12_sparse_code.cha,0xdbaf4d
/Volumes/pn-opus/Seedlings/Subject_Files/32/32_15/Home_Visit/Coding/Audio_Annotation/32_15_sparse_code.cha,0x634f64
/Volumes/pn-opus/Seedlings/Subject_Files/32/32_15/Home_Visit/Coding/Audio_Annotation/32_15_sparse_code.cha,0x1d7887
/Volumes/pn-opus/Seedlings/Subject_Files/32/32_17/Home_Visit/Coding/Audio_Annotation/32_17_sparse_code.cha,0x59febf
/Volumes/pn-opus/Seedlings/Subject_Files/33/33_07/Home_Visit/Coding/Audio_Annotation/33_07_sparse_code.cha,0x6579aa
/Volumes/pn-opus/Seedlings/Subject_Files/33/33_07/Home_Visit/Coding/Audio_Annotation/33_07_sparse_code.cha,0x198cfc
/Volumes/pn-opus/Seedlings/Subject_Files/33/33_12/Home_Visit/Coding/Audio_Annotation/33_12_sparse_code.cha,0xb3c363
/Volumes/pn-opus/Seedlings/Subject_Files/33/33_12/Home_Visit/Coding/Audio_Annotation/33_12_sparse_code.cha,0x9a0abd
/Volumes/pn-opus/Seedlings/Subject_Files/33/33_17/Home_Visit/Coding/Audio_Annotation/33_17_sparse_code.cha,0xbc42c4
/Volumes/pn-opus/Seedlings/Subject_Files/34/34_12/Home_Visit/Coding/Audio_Annotation/34_12_sparse_code.cha,0xbb488d
/Volumes/pn-opus/Seedlings/Subject_Files/34/34_14/Home_Visit/Coding/Audio_Annotation/34_14_sparse_code.cha,0x7590fb
/Volumes/pn-opus/Seedlings/Subject_Files/35/35_06/Home_Visit/Coding/Audio_Annotation/35_06_sparse_code.cha,0x126eb7
/Volumes/pn-opus/Seedlings/Subject_Files/35/35_12/Home_Visit/Coding/Audio_Annotation/35_12_sparse_code.cha,0x988bec
/Volumes/pn-opus/Seedlings/Subject_Files/35/35_12/Home_Visit/Coding/Audio_Annotation/35_12_sparse_code.cha,0xf86990
/Volumes/pn-opus/Seedlings/Subject_Files/36/36_06/Home_Visit/Coding/Audio_Annotation/36_06_sparse_code.cha,0x7e019b
/Volumes/pn-opus/Seedlings/Subject_Files/36/36_07/Home_Visit/Coding/Audio_Annotation/36_07_sparse_code.cha,0x694366
/Volumes/pn-opus/Seedlings/Subject_Files/36/36_08/Home_Visit/Coding/Audio_Annotation/36_08_sparse_code.cha,0x9ee329
/Volumes/pn-opus/Seedlings/Subject_Files/36/36_08/Home_Visit/Coding/Audio_Annotation/36_08_sparse_code.cha,0xae916a
/Volumes/pn-opus/Seedlings/Subject_Files/36/36_13/Home_Visit/Coding/Audio_Annotation/36_13_sparse_code.cha,0xe87065
/Volumes/pn-opus/Seedlings/Subject_Files/36/36_17/Home_Visit/Coding/Audio_Annotation/36_17_sparse_code.cha,0xf38f42
/Volumes/pn-opus/Seedlings/Subject_Files/37/37_09/Home_Visit/Coding/Audio_Annotation/37_09_sparse_code.cha,0x03eea9
/Volumes/pn-opus/Seedlings/Subject_Files/37/37_10/Home_Visit/Coding/Audio_Annotation/37_10_sparse_code.cha,0x93abbd
/Volumes/pn-opus/Seedlings/Subject_Files/38/38_06/Home_Visit/Coding/Audio_Annotation/38_06_sparse_code.cha,0xed9ad1
/Volumes/pn-opus/Seedlings/Subject_Files/38/38_07/Home_Visit/Coding/Audio_Annotation/38_07_sparse_code.cha,0x40ca7e
/Volumes/pn-opus/Seedlings/Subject_Files/38/38_12/Home_Visit/Coding/Audio_Annotation/38_12_sparse_code.cha,NA
/Volumes/pn-opus/Seedlings/Subject_Files/38/38_12/Home_Visit/Coding/Audio_Annotation/38_12_sparse_code.cha,NA
/Volumes/pn-opus/Seedlings/Subject_Files/38/38_12/Home_Visit/Coding/Audio_Annotation/38_12_sparse_code.cha,NA
/Volumes/pn-opus/Seedlings/Subject_Files/38/38_12/Home_Visit/Coding/Audio_Annotation/38_12_sparse_code.cha,NA
/Volumes/pn-opus/Seedlings/Subject_Files/38/38_12/Home_Visit/Coding/Audio_Annotation/38_12_sparse_code.cha,NA
/Volumes/pn-opus/Seedlings/Subject_Files/38/38_12/Home_Visit/Coding/Audio_Annotation/38_12_sparse_code.cha,NA
/Volumes/pn-opus/Seedlings/Subject_Files/38/38_12/Home_Visit/Coding/Audio_Annotation/38_12_sparse_code.cha,NA
/Volumes/pn-opus/Seedlings/Subject_Files/38/38_12/Home_Visit/Coding/Audio_Annotation/38_12_sparse_code.cha,NA
/Volumes/pn-opus/Seedlings/Subject_Files/38/38_12/Home_Visit/Coding/Audio_Annotation/38_12_sparse_code.cha,NA
/Volumes/pn-opus/Seedlings/Subject_Files/38/38_12/Home_Visit/Coding/Audio_Annotation/38_12_sparse_code.cha,NA
/Volumes/pn-opus/Seedlings/Subject_Files/38/38_12/Home_Visit/Coding/Audio_Annotation/38_12_sparse_code.cha,NA
/Volumes/pn-opus/Seedlings/Subject_Files/38/38_12/Home_Visit/Coding/Audio_Annotation/38_12_sparse_code.cha,NA
/Volumes/pn-opus/Seedlings/Subject_Files/38/38_12/Home_Visit/Coding/Audio_Annotation/38_12_sparse_code.cha,NA
/Volumes/pn-opus/Seedlings/Subject_Files/38/38_12/Home_Visit/Coding/Audio_Annotation/38_12_sparse_code.cha,NA
/Volumes/pn-opus/Seedlings/Subject_Files/38/38_12/Home_Visit/Coding/Audio_Annotation/38_12_sparse_code.cha,NA
/Volumes/pn-opus/Seedlings/Subject_Files/38/38_12/Home_Visit/Coding/Audio_Annotation/38_12_sparse_code.cha,NA
/Volumes/pn-opus/Seedlings/Subject_Files/38/38_12/Home_Visit/Coding/Audio_Annotation/38_12_sparse_code.cha,NA
/Volumes/pn-opus/Seedlings/Subject_Files/38/38_12/Home_Visit/Coding/Audio_Annotation/38_12_sparse_code.cha,NA
/Volumes/pn-opus/Seedlings/Subject_Files/38/38_12/Home_Visit/Coding/Audio_Annotation/38_12_sparse_code.cha,NA
/Volumes/pn-opus/Seedlings/Subject_Files/38/38_12/Home_Visit/Coding/Audio_Annotation/38_12_sparse_code.cha,NA
/Volumes/pn-opus/Seedlings/Subject_Files/38/38_12/Home_Visit/Coding/Audio_Annotation/38_12_sparse_code.cha,NA
/Volumes/pn-opus/Seedlings/Subject_Files/38/38_12/Home_Visit/Coding/Audio_Annotation/38_12_sparse_code.cha,NA
/Volumes/pn-opus/Seedlings/Subject_Files/38/38_12/Home_Visit/Coding/Audio_Annotation/38_12_sparse_code.cha,NA
/Volumes/pn-opus/Seedlings/Subject_Files/38/38_12/Home_Visit/Coding/Audio_Annotation/38_12_sparse_code.cha,NA
/Volumes/pn-opus/Seedlings/Subject_Files/38/38_12/Home_Visit/Coding/Audio_Annotation/38_12_sparse_code.cha,NA
/Volumes/pn-opus/Seedlings/Subject_Files/38/38_12/Home_Visit/Coding/Audio_Annotation/38_12_sparse_code.cha,NA
/Volumes/pn-opus/Seedlings/Subject_Files/38/38_12/Home_Visit/Coding/Audio_Annotation/38_12_sparse_code.cha,NA
/Volumes/pn-opus/Seedlings/Subject_Files/38/38_12/Home_Visit/Coding/Audio_Annotation/38_12_sparse_code.cha,NA
/Volumes/pn-opus/Seedlings/Subject_Files/38/38_12/Home_Visit/Coding/Audio_Annotation/38_12_sparse_code.cha,NA
/Volumes/pn-opus/Seedlings/Subject_Files/38/38_12/Home_Visit/Coding/Audio_Annotation/38_12_sparse_code.cha,NA
/Volumes/pn-opus/Seedlings/Subject_Files/38/38_12/Home_Visit/Coding/Audio_Annotation/38_12_sparse_code.cha,NA
/Volumes/pn-opus/Seedlings/Subject_Files/38/38_12/Home_Visit/Coding/Audio_Annotation/38_12_sparse_code.cha,NA
/Volumes/pn-opus/Seedlings/Subject_Files/38/38_12/Home_Visit/Coding/Audio_Annotation/38_12_sparse_code.cha,NA
/Volumes/pn-opus/Seedlings/Subject_Files/38/38_12/Home_Visit/Coding/Audio_Annotation/38_12_sparse_code.cha,NA
/Volumes/pn-opus/Seedlings/Subject_Files/38/38_12/Home_Visit/Coding/Audio_Annotation/38_12_sparse_code.cha,NA
/Volumes/pn-opus/Seedlings/Subject_Files/38/38_12/Home_Visit/Coding/Audio_Annotation/38_12_sparse_code.cha,NA
/Volumes/pn-opus/Seedlings/Subject_Files/38/38_12/Home_Visit/Coding/Audio_Annotation/38_12_sparse_code.cha,NA
/Volumes/pn-opus/Seedlings/Subject_Files/38/38_12/Home_Visit/Coding/Audio_Annotation/38_12_sparse_code.cha,NA
/Volumes/pn-opus/Seedlings/Subject_Files/38/38_12/Home_Visit/Coding/Audio_Annotation/38_12_sparse_code.cha,NA
/Volumes/pn-opus/Seedlings/Subject_Files/38/38_12/Home_Visit/Coding/Audio_Annotation/38_12_sparse_code.cha,NA
/Volumes/pn-opus/Seedlings/Subject_Files/38/38_16/Home_Visit/Coding/Audio_Annotation/38_16_sparse_code.cha,0x350e62
/Volumes/pn-opus/Seedlings/Subject_Files/39/39_09/Home_Visit/Coding/Audio_Annotation/39_09_sparse_code.cha,0x2df807
/Volumes/pn-opus/Seedlings/Subject_Files/39/39_09/Home_Visit/Coding/Audio_Annotation/39_09_sparse_code.cha,0xf058d6
/Volumes/pn-opus/Seedlings/Subject_Files/40/40_08/Home_Visit/Coding/Audio_Annotation/40_08_sparse_code.cha,0x58aaf0
/Volumes/pn-opus/Seedlings/Subject_Files/40/40_14/Home_Visit/Coding/Audio_Annotation/40_14_sparse_code.cha,0x4ffa02
/Volumes/pn-opus/Seedlings/Subject_Files/40/40_16/Home_Visit/Coding/Audio_Annotation/40_16_sparse_code.cha,0x1fc702
/Volumes/pn-opus/Seedlings/Subject_Files/40/40_17/Home_Visit/Coding/Audio_Annotation/40_17_sparse_code.cha,0xd29de0
/Volumes/pn-opus/Seedlings/Subject_Files/41/41_11/Home_Visit/Coding/Audio_Annotation/41_11_sparse_code.cha,0x7a0ffa
/Volumes/pn-opus/Seedlings/Subject_Files/41/41_12/Home_Visit/Coding/Audio_Annotation/41_12_sparse_code.cha,NA
/Volumes/pn-opus/Seedlings/Subject_Files/41/41_14/Home_Visit/Coding/Audio_Annotation/41_14_sparse_code.cha,0x89b992
/Volumes/pn-opus/Seedlings/Subject_Files/41/41_17/Home_Visit/Coding/Audio_Annotation/41_17_sparse_code.cha,0x87ea3d
/Volumes/pn-opus/Seedlings/Subject_Files/41/41_17/Home_Visit/Coding/Audio_Annotation/41_17_sparse_code.cha,0xac429d
/Volumes/pn-opus/Seedlings/Subject_Files/42/42_07/Home_Visit/Coding/Audio_Annotation/42_07_sparse_code.cha,0x15172b
/Volumes/pn-opus/Seedlings/Subject_Files/42/42_07/Home_Visit/Coding/Audio_Annotation/42_07_sparse_code.cha,0xeb73f1
/Volumes/pn-opus/Seedlings/Subject_Files/42/42_07/Home_Visit/Coding/Audio_Annotation/42_07_sparse_code.cha,0xa26765
/Volumes/pn-opus/Seedlings/Subject_Files/42/42_09/Home_Visit/Coding/Audio_Annotation/42_09_sparse_code.cha,0x339b05
/Volumes/pn-opus/Seedlings/Subject_Files/42/42_10/Home_Visit/Coding/Audio_Annotation/42_10_sparse_code.cha,0x319b1a
/Volumes/pn-opus/Seedlings/Subject_Files/42/42_10/Home_Visit/Coding/Audio_Annotation/42_10_sparse_code.cha,0xd3c01b
/Volumes/pn-opus/Seedlings/Subject_Files/42/42_12/Home_Visit/Coding/Audio_Annotation/42_12_sparse_code.cha,0x96087a
/Volumes/pn-opus/Seedlings/Subject_Files/42/42_14/Home_Visit/Coding/Audio_Annotation/42_14_sparse_code.cha,0x66bba5
/Volumes/pn-opus/Seedlings/Subject_Files/43/43_06/Home_Visit/Coding/Audio_Annotation/43_06_sparse_code.cha,0xf3553c
/Volumes/pn-opus/Seedlings/Subject_Files/43/43_09/Home_Visit/Coding/Audio_Annotation/43_09_sparse_code.cha,0x322f14
/Volumes/pn-opus/Seedlings/Subject_Files/43/43_09/Home_Visit/Coding/Audio_Annotation/43_09_sparse_code.cha,0x9a592a
/Volumes/pn-opus/Seedlings/Subject_Files/43/43_12/Home_Visit/Coding/Audio_Annotation/43_12_sparse_code.cha,0x61789d
/Volumes/pn-opus/Seedlings/Subject_Files/43/43_13/Home_Visit/Coding/Audio_Annotation/43_13_sparse_code.cha,0x0e8a17
/Volumes/pn-opus/Seedlings/Subject_Files/45/45_07/Home_Visit/Coding/Audio_Annotation/45_07_sparse_code.cha,0x8bcf32
/Volumes/pn-opus/Seedlings/Subject_Files/46/46_07/Home_Visit/Coding/Audio_Annotation/46_07_sparse_code.cha,0x520b2b
/Volumes/pn-opus/Seedlings/Subject_Files/46/46_07/Home_Visit/Coding/Audio_Annotation/46_07_sparse_code.cha,0xc10d1d
/Volumes/pn-opus/Seedlings/Subject_Files/46/46_11/Home_Visit/Coding/Audio_Annotation/46_11_sparse_code.cha,0x7ccfa6
/Volumes/pn-opus/Seedlings/Subject_Files/46/46_11/Home_Visit/Coding/Audio_Annotation/46_11_sparse_code.cha,0x7e97f3
/Volumes/pn-opus/Seedlings/Subject_Files/46/46_12/Home_Visit/Coding/Audio_Annotation/46_12_sparse_code.cha,0xb89a1e
/Volumes/pn-opus/Seedlings/Subject_Files/46/46_15/Home_Visit/Coding/Audio_Annotation/46_15_sparse_code.cha,0xee3685
